<?xml version="1.0" encoding="UTF-8"?>
<manifest identifier="man-mvp-sample-course" version="1.2"
    xmlns="http://www.imsproject.org/xsd/imscp_rootv1p1p2"
    xmlns:adlcp="http://www.adlnet.org/xsd/adlcp_rootv1p2"
    xmlns:xsi="http://www.w3.org/2001/XMLSchema-instance"
    xsi:schemaLocation="http://www.imsproject.org/xsd/imscp_rootv1p1p2 imscp_rootv1p1p2.xsd
    http://www.adlnet.org/xsd/adlcp_rootv1p2 adlcp_rootv1p2.xsd">
  <organizations default="org-mvp-sample-course">
    <organization identifier="org-mvp-sample-course">
      <title>MVP Sample Course</title>
      <item identifier="item-1" identifierref="res-1"><title>Introduction</title></item><item identifier="item-2" identifierref="res-2"><title>Basics</title></item>
    </organization>
  </organizations>
  <resources>
    <resource identifier="res-1" type="webcontent" href="lessons/lesson-1.html"><file href="lessons/lesson-1.html"/></resource><resource identifier="res-2" type="webcontent" href="lessons/lesson-2.html"><file href="lessons/lesson-2.html"/></resource>
  </resources>
</manifest>